head     1.4;
branch   ;
access   jkc john;
symbols  ;
locks    ; strict;
comment  @@;


1.4
date     94.05.31.13.54.49;  author john;  state Exp;
branches ;
next     1.3;

1.3
date     93.11.02.10.59.27;  author john;  state Exp;
branches ;
next     1.2;

1.2
date     93.11.02.10.56.59;  author john;  state Exp;
branches ;
next     1.1;

1.1
date     93.11.02.10.38.48;  author john;  state Exp;
branches ;
next     ;


desc
@SU users list
@


1.4
log
@31 May 94 version
@
text
@@@engineering.oxford.ac.uk:binzhong@@sungeo
a03a@@zfn.uni-bremen.de
a03a@@zfn.uni-bremen.de & Andreas Rosenberger & Germany-acad
a0s4404@@geopsun.tamu.edu
agkeck@@lennes.math.umt.edu
alfa@@gfz-potsdam.de
almasi@@watson.ibm.com & George Almasi &  USA-comm
am@@gravi3.ipgp.jussieu.fr
apbehge@@igg.tno.nl
apbehge@@igg.tno.nl & Applicatie Beheer GE & Netherlands-acad?
arps@@climate.geo.uwm.edu
aruna@@enterprise
aruna@@s1.elec.uq.oz.au & Aruna Gunawardena & Australia-acad  
arvind@@oregon.cray.com
asa@@iris.tg.lth.se
ashil@@ee.edinburgh.ac.uk
ashil@@ee.edinburgh.ac.uk & & UK-acad?
barker@@sunquakes.geol.binghamton.edu
bart@@IRIS2.ceesg.com
bart@@IRIS2.ceesg.com & bart hoekstra & USA-comm
bbyun@@er.Arco.COM
berend@@igg.tno.nl  &    & Netherlands-acad
beylkin@@julia.colorado.edu
beylkin@@julia.colorado.edu & Beylkin Gregory & USA-acad
billp@@sptgeo.co.uk
billp@@sptgeo.co.uk & Bill Petheram &  UK-comm?
binzhong@@sungeo.engineering.oxford.ac.uk & Binzhong Zhou & UK-acad
bob@@baervan.nmt.edu
bob@@sep.Stanford.EDU
bob@@weasel.princeton.edu & Robert Phinney  &   USA-acad
boreas!dirk@@relay.NL.net
Brian.Reilkoff@@usask.ca
Brian.Reilkoff@@usask.ca & Brian Reilkoff & Canada-acad
brod@@bach.cr.usgs.gov
brod@@bach.cr.usgs.gov & Brian Rodriguez &  USA-gov
bruce@@terror.Stanford.EDU
bruce@@terror.Stanford.EDU & Bruce Beaudoin & USA-acad
bt1us@@c3800
cabitza@@crs4.it &  Gabriella Cabitza  & Italy-acad
cain@@geomag.gly.fsu.edu & Joe Cain &  USA-acad
car@@custer.exxon.com  &    & USA-comm  
cartley
cathy@@sphene.ens.fr
cathy@@sphene.ens.fr & Cathy Truffert &  France-acad?
cees@@dutnak2.tn.tudelft.nl & Cees De-Bruin & Netherlands-acad 
cfm@@camorra.sth.ruhr-uni-bochum.de
Chandra.Shekhar@@sophia.inria.fr
Chandra.Shekhar@@sophia.inria.fr & Chandra Shekhar & France-acad
charrett@@erl.mit.edu
charrett@@erl.mit.edu & Ted Charrette &  USA-acad
chmela@@ukj.sinet.slb.com & Bill Chmela & UK-comm 
chris@@london.waii.com
chris@@london.waii.com  &    & UK-comm
chris@@schweden.uni-muenster.de
cll@@admin.keh.utulsa.edu & Chris Liner & USA-acad
cmayer@@AWI-Bremerhaven.DE
cruz@@amonduul.ecn.uoknor.edu
cruz@@amonduul.ecn.uoknor.edu  & &   Australia-acad
ctyoung@@mtu.edu &  Charles Young &  USA-acad
cwideman@@markov.mtech.edu
dasgupta@@stat.washington.edu
Dave.Stevenson@@durham.ac.uk
degutsc@@xnwz04.uni-muenster.de
derooty@@basland
derooty@@basland.bio.ns.ca & Kevin Desroches & Canada-gov
dfoster@@neptune.whoi.edu
dirk%boreas@@relay.NL.net & Dirk Smit & Netherlands-acad?
dld@@Rimmer.ngdc.noaa.gov
dmerewet@@NMSU.Edu
dprbjv@@er.Arco.COM
dprcxa@@edp150.edp.arco.com & Craig Artley & USA-comm
eaton@@cg.emr.ca
eaton@@cg.emr.ca &  Dave Eaton &  Canada-gov
ecr@@aware.com
ecr@@aware.com & Ed C. Reiter & USA-comm
edw@@atcwest.com
egil_t@@ipt.unit.no
ekkehart.tessmer@@dkrz-hamburg.dbp.de & E.Tessmer & Germany-acad
ekkehart.tessmer@@dkrz.d400.de
epcogsh@@hulkster.unocal.com   & &   USA-comm 
eran@@earth.tau.ac.il
eran@@jupiter1.tau.ac.il &  Eran Suss & Isreal-acad
field@@passcal10.Stanford.EDU
fox@@vulcan.nrlssc.navy.mil
fox@@vulcan.nrlssc.navy.mil & Dan Fox &  USA-military
g.johnston@@ic.ac.uk
gajawada@@mnd.com
gajawada@@mnd.com & Sampath Gajawada & USA-comm
gazdag@@houvmscc.vnet.ibm.com & Jeno Gazdag & USA-comm
geohw@@c3800
georges@@abancay.u-strasbg.fr
gg-gts@@mines.utah.edu & Gerard T Schuster  & USA-acad
gga37@@seq1.cc.keele.ac.uk
gga37@@seq1.cc.keele.ac.uk & I.G. Stimpson & UK-acad
ghofland@@sierra.com
ghofland@@sierra.com & Gregg Hofland &  USA-comm
giuditta@@crs4.it
giuditta@@crs4.it & Giuditta Lecca &  Italy-acad?
gondwana@@basalt.mit.edu
gondwana@@basalt.mit.edu & Matthias Imhof &  USA-acad
gutteridge\_p@@xukcl1.dnet.pb.com & Pamela Gutteridge & UK-comm
guusii@@dutmgf1.tudelft.nl
guusii@@dutmgf1.tudelft.nl & Lohlefink & Netherlands-acad
guusii@@dutmgf8
guy@@dutmgf1.tudelft.nl
guy@@dutmgf1.tudelft.nl &  Guy Drijkoningen & Netherlands-acad
habegger@@rzu.unizh.ch
habegger@@rzu.unizh.ch & Andreas Habegger & Czech Rep.-acad
harry@@igg.tno.nl & Harry Wedemeijer & Netherlands-acad
hart@@de01.denver.waii.com & Doug Hart & Western Geophysical
hartmann@@dkrz-hamburg.dbp.de
hartmann@@dkrz-hamburg.dbp.de & Jens Hartmann & Germany-acad
hartmann@@dkrz.d400.de
hayward@@conceit.isem.smu.edu
hayward@@conceit.isem.smu.edu & Chris Hayward & USA-acad
henkart@@srp.UCSD.EDU
hill@@tosca.curtin.edu.au
hill@@tosca.curtin.edu.au & Murray Hill & Australia-acad
hjuph@@chevron.com
hjuph@@chevron.com & Justin P. Hedley & USA-comm
hldeng@@dal.mobil.com
hldeng@@dal.mobil.com & H.L. Deng &  USA-comm
hooge@@pangea.usask.ca
hooge@@pangea.usask.ca & Corey Hooge & Canada-acad
hxr@@admin.keh.utulsa.edu
hxr@@admin.keh.utulsa.edu & Huang &  USA-acad
igp02@@geops0.geophysik.uni-kiel.d400.de
imsgtcar@@mathfs.math.montana.edu
jarrod@@seismic.geology.unimelb.EDU.AU
jarrod@@seismic.geology.unimelb.EDU.AU & Jarrod Craig Dunne & Australia-acad
jeff@@orca.wr.usgs.gov
jeff@@orca.wr.usgs.gov &  Jeff Brody & USA-gov
jelte@@convex.nl
jewomack@@alliant.backbone.uoknor.edu & James Womack & Australia-acad
jhdaf01@@cc4.kuleuven.ac.be  &  &  Belgium-acad
jiml@@bmr.gov.au  &    &  Australia-gov 
jjoravet@@dal.mobil.com
jjoravet@@dal.mobil.com & Joe J. Oravetz &  USA-comm
joe@@montebello.soest.hawaii.edu & Joe Dellinger & USA-acad
Johan=Vos%std%Bwk@@cc3.kuleuven.ac.be
Johan=Vos%std%Bwk@@cc3.kuleuven.ac.be & Johan Vos & Belgium-acad
john
john@@dix.Mines.Colorado.EDU
jsr@@coltrane.ucsc.edu
jsr@@coltrane.ucsc.edu & Justin Revenaugh & USA-acad
juan@@kong.geol.lsu.edu
juan@@kong.geol.lsu.edu & Juan Lorenzo &  USA-acad
junger@@mtn.er.usgs.gov
junger@@mtn.er.usgs.gov & John Unger &  USA-gov
jwade@@amoco.com
jwade@@amoco.com &  Joe M. Wade &  USA-comm
jwdb@@dutnak2.tn.tudelft.nl
jwdb@@dutnak2.tn.tudelft.nl & Jan-Willem de Bruijn & Netherlands-acad
jwu@@NMSU.Edu
kara@@utdallas.edu
kara@@utdallas.edu & Hayrullah Karabijlut &  USA-acad
kees@@dutnak2.tn.tudelft.nl & Kees Wapenaar & Netherlands-acad
khurram@@utig.ig.utexas.edu
kiyo@@gsjobs.aist.go.jp
kko@@babel.oulu.fi
kko@@babel.oulu.fi & Kari Komminaho &  Finland-acad
koerbe@@baghira.ifg.tu-clausthal.de
koures@@shell.com
koures@@shell.com & V. G. Koures &  USA-comm
kuramoto@@gsjrstn.gsj.go.jp
lamarche@@villefr.orstom.fr
lamarche@@villefr.orstom.fr & Geoffroy Lamarche & France-acad?
lesh@@prl0.co.uk & Les Hatton   &   UK-comm
lhdsy1!gruc04.nor.chevron.com!hjuph@@uunet.UU.NET
li@@mnd.com
li@@mnd.com &  Li Tang  &   USA-comm
lml@@kanaha.Idbsu.EDU
lml@@kanaha.Idbsu.EDU & Lee M. Liberty &  USA-acad
lutkemer@@ghas32.hannover.sgp.slb.com
lutkemer@@ghas32.hannover.sgp.slb.com & Ralf Luetkemeier & Germany-comm
mai@@sth.ruhr-uni-bochum.de
mam@@chevron.com
marcs@@cts.u-strasbg.fr
marcs@@cts.u-strasbg.fr & Marc Schaming &  France-acad
mark@@geosig.com
martijn@@dutmgf1.tudelft.nl
martin@@warthog.ner.com
martin@@warthog.ner.com & Martin Smith &  USA-comm
mathiask@@CS.ColoState.EDU
mathiask@@CS.ColoState.EDU & keith mathias & USA-acad
matthew@@es.flinders.edu.au
matthew@@es.flinders.edu.au & Matthew Rutty & Australia-acad
matthew@@geology.adelaide.edu.au
mbgeof@@sparcmaster
mcm@@zippy.saic.com
mdietric@@lgit.observ-gr.fr
mdietric@@lgit.observ-gr.fr & Michel Dietrich & France-acad
morgan@@Montrouge.slcs.slb.com & Andrew Morgan & France-comm
mpenochs@@dal.mobil.com
nicke@@orpington.sgp.slb.com & Nick Ellis &  UK-comm
noble@@cassiopee.ensmp.fr
noble@@cassiopee.ensmp.fr & Mark Noble & France-acad?
nyq@@pluto.esd.ornl.gov
nyq@@pluto.esd.ornl.gov &  Jon Nyquist & USA-gov
oss061@@clss1.bangor.ac.uk
ow29@@spd.eee.strathclyde.ac.uk
Oyvind.Hjelle@@si.sintef.no
Oyvind.Hjelle@@si.sintef.no & Hjelle Oyvind & Norway-acad?
paolo@@reds.ogs.trieste.it
pavlis@@seismo.geology.indiana.edu
peletier@@noumea.orstom.fr  &  Bernard Pelletier &   France-acad? 
pgutowski@@amoco.com & Paul R. Gutowski & USA-comm
piotr@@kar1.igf.edu.pl
piotr@@kar1.igf.edu.pl & Piotr Sroda & Poland-acad
pirmez@@lamont.ldgo.columbia.edu
plenson@@hi_presure_lab.gp.uwo.ca
pm@@rowena.idbsu.edu
pm@@rowena.idbsu.edu & Paul Michaels &  USA-acad
ps@@GEOPET2
ptraynin@@mines.utah.edu
pvr@@lctsrv.lct.com
qfuhao@@mines.utah.edu
qfuhao@@mines.utah.edu & Qin Fuhao &  USA-acad
raja@@utdallas.edu
raja@@utdallas.edu & Sara Rajasekaran & USA-acad
rawinney@@dal.mobil.com
reynam@@abaete.pppg.ufba.br
rodney@@mail.glg.edinburgh.ac.uk
rodney@@mail.glg.edinburgh.ac.uk & Rodney Johnston & UK-acad
ronen@@epsu0u.eps.slb.com & Shuki Ronen &  France-comm
root@@cts.u-strasbg.fr
root@@eg441a.berkeley.edu
root@@gtri13.harc.edu
root@@iprrs1.univ-pau.fr
root@@lgit.observ-gr.fr
root@@rspro.ogs.trieste.it
root@@seismo.gcn.uoknor.edu
root@@tosca.curtin.edu.au
rousset@@iprrs1.univ-pau.fr
rousset@@iprrs1.univ-pau.fr & Dominique Rousset & France-acad
roy@@chevron.com
sak@@essc.psu.edu
sak@@essc.psu.edu & Sridhar Anandakrishnan & USA-acad
satish@@seismo.unr.edu
satish@@seismo.unr.edu & Satish K. Pullammanappallil & USA-acad
sayers@@scrsu1.SINet.SLB.COM & Colin Michael Sayers & UK-acad
schack@@schack.indiv.nluug.nl
scheinin@@crs4.it & Alan Scheinine &  Italy-acad?
schuck@@w413zrz.bg.tu-berlin.de
schuck@@w413zrz.bg.tu-berlin.de & Andreas Schuck & Germany-acad
secrest@@fou.tr.statoil.no    &   Bruce Secrest  & Norway-comm
seismic@@hpwork26.geo.uni-leipzig.de
seispro@@geopsun.tamu.edu
seispro@@geopsun.tamu.edu & Dr. Spencer's seismic project & USA-acad
seisuser@@kafka.esri.scarolina.edu
seisuser@@kafka.esri.scarolina.edu & Sierra Seis User & USA-acad
seiswei@@eq.ccu.edu.tw & Dr. How-Wei Chen  & Taiwan-acad  
shadowfax@@vnet.IBM.COM
shadowfax@@vnet.IBM.COM & Rick Turner &  USA-comm
Shoichi.Tsujimoto@@Japan.Sun.COM
shuki@@eps.slb.com
shuki@@gatwick.sgp.slb.com
siki@@statoil.no
simmons@@maestro.geo.utexas.edu
simmons@@utig.ig.utexas.edu
simmons@@utig.ig.utexas.edu & Jim Simmons & USA-acad
stein@@shell.com &  Dr. Jaime Stein-Schabes & USA-comm
stein@@Think.COM
stevens@@sirius.scubed.com
stevens@@sirius.scubed.com  & Jeff Stevens & USA-comm
stew@@sep.Stanford.EDU
stew@@sep.Stanford.EDU & Stew Levin & USA-acad
stgpzli@@st.unocal.com &  Zhiming Li & USA-comm
stof@@packhorse.advance.com    &   Christof Stork & USA-comm
stoll@@milne.geology.yale.edu
sunmbx!tmpmbx.netmbx.de!grasbln!grasbln.gras.de!gras.de!rsy
symes@@rice.edu  &   W. Symes & USA-acad
sysuh@@sdp.kigam.re.kr
tana@@gsjkaiyo.gsj.go.jp
tana@@gsjkaiyo.gsj.go.jp &  TANAHASHI Manabu & Japan-gov
tana@@gsjobs.aist.go.jp
tecroot@@geo.vu.nl
terry@@arcane.calgary.ab.ca
terry@@squid9.cuc.ab.ca
terry@@squid9.cuc.ab.ca &  Terry Wilcox & Canada-acad?
thearn@@NMSU.Edu
thearn@@NMSU.Edu   & Tom Hearn    & USA-acad
thorbjor@@smaug.uio.no
thorbjorn.rekdal@@geofysikk.uio.no
thorbjorn.rekdal@@geofysikk.uio.no & Thorbjorn &  Norway-acad
tmorgan@@nyser.nic.kingston.ibm.com & Tom Morgan & USA-comm
tom%crete@@platte.com
tom%crete@@platte.com &  Tom Schutter & USA-comm
tony%sparky@@sparky2.esd.mun.ca
tony@@.esd.mun.ca
tony@@amonduul.ecn.uoknor.edu
tony@@sparky.esd.mun.ca
tony@@sparky.esd.mun.ca &  Tony Kocurko & Canada-acad
toralf@@ws2geo.io-warnemuende.de
tpratt@@gldrtv.cr.usgs.gov & Tom Pratt & USA-gov
tpratt@@gldseis.cr.usgs.gov
u252004@@rody
vandecar@@clrs1.ciw.edu
Vedula.Subbarao@@geology.auburn.edu
vill@@zfn.uni-bremen.de &  H. Villinger & Germany-acad
wash@@eg441a.berkeley.edu & John Washbourne & USA-acad
wcai@@mines.utah.edu
wcai@@mines.utah.edu & Wenying Cai &  USA-acad
witablo@@dutita1.twi.tudelft.nl
witablo@@dutita1.twi.tudelft.nl & Bastian Blonk & Netherlands-acad
witasev@@dutinfh.tudelft.nl
witasev@@dutinfh.tudelft.nl & Geert Jan Agur Sevink & Netherlands-acad
wklau@@cs.cuhk.hk
wklau@@cs.cuhk.hk & Lau Wai-Keung Joe & HongKong-acad?
yamamizu@@geo.bosai.go.jp   &    Fumio Yamamizu & Japan-gov
yzarn@@chevron.com & Philip Yzarn de Louraille & USA-comm
@


1.3
log
@*** empty log message ***
@
text
@d1 2
a2 4
Brian.Reilkoff@@usask.ca & Brian Reilkoff & Canada-acad
Chandra.Shekhar@@sophia.inria.fr & Chandra Shekhar & France-acad
Johan=Vos%std%Bwk@@cc3.kuleuven.ac.be & Johan Vos & Belgium-acad
Oyvind.Hjelle@@si.sintef.no & Hjelle Oyvind & Norway-acad?
d4 3
d8 5
d14 6
d21 1
d23 1
d25 1
d28 2
d31 4
d36 1
d38 1
d42 2
d46 4
d52 1
d54 1
d56 2
d60 5
d66 5
d72 1
d74 4
d79 1
d81 1
d83 2
d86 2
d90 2
d93 1
d95 1
d97 1
d99 1
d102 1
d104 4
a107 1
guy@@dutmgf1.tudelft.nl &  Drijkoningen & Netherlands-acad
d111 1
d113 2
d116 2
d119 3
a121 1
hjuph@@nor.chevron.com & Justin P. Hedley & USA-comm
d123 1
d125 1
d127 3
d131 1
d133 1
d137 1
d140 5
d146 1
d148 1
d150 1
d152 1
d154 2
d158 3
d162 2
d165 2
d169 2
d172 1
d174 1
d176 3
d180 3
d184 1
d186 1
d188 4
d194 1
d196 1
d198 1
d200 6
d208 1
d210 3
d214 4
d219 1
d221 3
d226 9
d236 2
d239 1
d242 1
d244 1
d247 2
d250 2
d253 1
d255 7
a261 1
simmons@@maestro.geo.utexas.edu & Jim Simmons & USA-acad
d263 2
d266 2
d270 2
d273 2
d276 4
d281 1
d283 2
d287 1
d289 4
d294 1
d296 4
d302 1
d304 1
d306 1
d308 1
@


1.2
log
@*** empty log message ***
@
text
@@


1.1
log
@Initial revision
@
text
@a0 1

@
