\documentstyle[cwp]{article}
\begin{document}
\centerline{\LARGE\bf Worldwide SU Sites---\today}
\vspace{1ex}
\begin{tabbing}
  E-mail Address                        \= Real Name (if known) \= Country-User Classification\\

a03a@zfn.uni-bremen.de \> Andreas Rosenberger \> Germany-acad\\
a0s4404@geopsun.tamu.edu \> Abi Suyoso \> USA-acad\\
acox@slate.Mines.Colorado.EDU \> Aaron Cox \> USA-acad\\
adriana@clrs1.ciw.edu \> Adriana Raquel Kuehnel \> USA-acad\\
agkeck@lennes.math.umt.edu \> Andy Keck \> USA-acad\\
akaki@wf.trdc.tksg.mhi.co.jp \> Tomohiri Akaki \> Japan-comm\\
Alan.Hart@waii.com \> Alan Hart \> USA-comm\\
alex@kgs.ukans.edu \> Alex Martinez \> USA-acad\\
alfa@gfz-potsdam.de \> \> Germany-acad\\
almasi@watson.ibm.com \> George Almasi \>  USA-comm\\
\end{tabbing}
\end{document}
am@gravi3.ipgp.jussieu.fr & MONOT Anne & France-acad\\\hline
amurillo@Mines.Colorado.EDU & Alejandro Murillo & USA-acad\\\hline
angel@earth.hanyang.ac.kr & ANGEL & Korea-acad\\\hline
antonior@funiculi.dgv.unina.it & Antonio Russo & Italy-acad\\\hline
apbehge@igg.tno.nl & Applicatie Beheer GE & Netherlands-comm?\\\hline
aprice@polar.Bowdoin.EDU & Andrew R. Price & USA-acad\\\hline
argun@glcb36.residence.gatech.edu & Argun H Kocaoglu & USA-acad\\\hline
arps@climate.geo.uwm.edu & Michael R Arps & USA-acad\\\hline
aruna@s1.elec.uq.oz.au & Aruna Gunawardena & Australia-acad\\\hline
arvind@oregon.cray.com & Arvind Amin & USA-comm\\\hline
asa@iris.tg.lth.se & Asa Svensson & Sweden-acad\\\hline
asfirane@ipgp.jussieu.fr & ASFIRANE Fawzia & France-acad\\\hline
ashil@ee.edinburgh.ac.uk & & UK-acad?\\\hline
barker@geol.binghamton.edu & Jeff Barker & USA-acad\\\hline
barn@fou.tr.statoil.no & Boerge Arntsen & Norway-comm\\\hline
bart@IRIS2.ceesg.com & bart hoekstra & USA-comm\\\hline
bbyun@er.Arco.COM & Bok Byun & USA-comm\\\hline
beauce@u85.brgm.fr & Alain Beauce & France-comm\\\hline
bgp2@mimi.cnc.ac.cn & HerSan Lee & China-comm\\\hline
begnaud@ymir.ucdavis.edu & Mike Begnaud & USA-acad\\\hline
Benoit.THILLAYE-DU-BOULLAY@ifp.fr & Benoit Thillay du Boullay & France-gov\\\hline 
bent@stavanger.Geco-Prakla.slb.com & Bent Tjostheim & Norway-comm\\\hline
berend@igg.tno.nl  &    & Netherlands-acad\\\hline
Bertrand.Gros@di.epfl.ch & Bertrand Gros & Switzerland-acad\\\hline
beylkin@julia.colorado.edu & Beylkin Gregory & USA-acad\\\hline
bharms@moho.bmr.gov.au & Bob Harms & Australia-gov\\\hline
billp@sptgeo.co.uk & Bill Petheram &  UK-comm?\\\hline
billc@doc.plh.af.mil & Bill Clement & USA-mil\\\hline
billc@talisker.uwyo.edu  & William Clement & USA-acad\\\hline
binzhong@engineering.oxford.ac.uk & Binzhong Zhou & UK-acad\\\hline
boadu@akoto.egr.duke.edu & Fred Boadu & USA-acad\\\hline
bob@baervan.nmt.edu & Robert Emery & USA-acad\\\hline
bob@sep.Stanford.EDU & Robert Clapp & USA-acad\\\hline
bob@weasel.princeton.edu & Robert Phinney  &   USA-acad\\\hline
\end{tabular}
\newpage
\begin{tabular}{||l|l|l||} \hline
bording@waves2.ig.utexas.edu & Phil Bording & USA-acad\\\hline
boris@iprg.energy.gov.il & Boris Gurevich & Israel-gov\\\hline
brian@geo.ukans.edu & Brian Macy & USA-acad\\\hline
Brian.Reilkoff@usask.ca & Brian Reilkoff & Canada-acad\\\hline
brod@bach.cr.usgs.gov & Brian Rodriguez &  USA-gov\\\hline
bruce@terror.Stanford.EDU & Bruce Beaudoin & USA-acad\\\hline
bt1us@c3800 & Ute Starke &\\\hline
bunks@micronet.fr & Carey Bunks & France-comm\\\hline
c0s7172@sciops-sun1.tamu.edu & Sun Chuanwen & USA-acad\\\hline
cabitza@crs4.it &  Gabriella Cabitza  & Italy-acad\\\hline
cain@geomag.gly.fsu.edu & Joe Cain &  USA-acad\\\hline
cal@geosc.psu.edu & Chuck Langston & USA-acad\\\hline
camerl@dga.jussieu.fr & Christian Camerlynck & France-acad\\\hline
car@custer.exxon.com  & Charles A. Rendleman   & USA-comm  \\\hline
cathy@sphene.ens.fr & Cathy Truffert &  France-acad?\\\hline
cees@dutnak2.tn.tudelft.nl & Cees De-Bruin & Netherlands-acad \\\hline
ceharris@dalhp043.dal.mobil.com & Chris Harris & USA-comm\\\hline
cfm@ruhr-uni-bochum.de & Christoph Mecklenbraeuker & Germany-acad\\\hline
cg@aix.mgu.bg & Chavdar Gyourov & Bulgaria-acad\\\hline
Chandra.Shekhar@sophia.inria.fr & Chandra Shekhar & France-acad\\\hline
charles@mvel.demon.co.uk & Charles X. Chen & UK-comm\\\hline
charrett@erl.mit.edu & Ted Charrette &  USA-acad\\\hline
chenyp@smaug.ceri.memst.edu & Yipeng Chen & USA-acad\\\hline
chmela@ukj.sinet.slb.com & Bill Chmela & UK-comm \\\hline
chris@london.waii.com  &    & UK-comm\\\hline
chris@schweden.uni-muenster.de & Christian Wienbruch & Germany-acad\\\hline
chrisn@ensign.demo.co.uk & Chris Nolan & UK-comm\\\hline
cj@helga & Christopher Juhlin & ??\\\hline
clemmons@chargers & Bob Clemmons & ?\\\hline
cll@admin.keh.utulsa.edu & Chris Liner & USA-acad\\\hline
cogswell@liszt.cs.colostate.edu & ronald cogswell & USA-acad\\\hline
cole@guenever.lanl.gov & Greg Cole & USA-gov\\\hline
colorado@ipt.unit.no & colorado prog-user & Norway-acad\\\hline
comelli@reds.ogs.trieste.it & ? & Italy-?\\\hline
cornag@u85.brgm.fr & compte de developpement dec alpha gnu c &
France-comm\\\hline
cosm13@ncar.UCAR.EDU & & USA-acad\\\hline
costas@lesvos.geo.auth.gr & Konstantinos Papazachos & Greece-??\\\hline
cmayer@AWI-Bremerhaven.DE & Christoph Mayer & Germany-acad\\\hline
crms@chevron.comm & Mitchell Craig & USA-comm\\\hline
cruz@amonduul.ecn.uoknor.edu  & &   Australia-acad\\\hline
csddemo@kar1.igf.edu.pl & CSD testing account & Poland-acad\\\hline
cschamau@slate.Mines.Colorado.EDU & Connie Schamaun & USA-acad\\\hline
\end{tabular}
\newpage
\begin{tabular}{||l|l|l||} \hline
cschneid@geodyn.psu.edu & Chris Schneider & USA-acad\\\hline
ctyoung@mtu.edu &  Charles Young &  USA-acad\\\hline
cwideman@markov.mtech.edu & Chuck Wideman & USA-acad\\\hline
cwp@bingham.mines.utah.edu & SU Package & USA-acad\\\hline
cwp@ipruniv.cce.unipr.it & & Italy-acad\\\hline
cwp@cmp.kigam.re.kr & cwp-kigam & Korea-?\\\hline
dasgupta@stat.washington.edu & & USA-acad\\\hline
davidson@geo.purdue.edu & Mark Davidson & USA-acad\\\hline
Dave.Stevenson@durham.ac.uk & Dave Stevenson & UK-acad\\\hline
David.Smith@oryx.com & c david smith & USA-comm\\\hline
david.wales@airgun.wg.waii.com & David Wales & USA-comm\\\hline
dbr@msr.epm.ornl.gov & David Reister & USA-comm\\\hline
ddemanet@lgih.ulg.ac.be & Donat DEMANET & Belgium-acad\\\hline
degutsc@xnwz04.uni-muenster.de & Manfred Degutsch & Germany-acad\\\hline
delaine@doc.plh.af.mil & Delaine Thompson Reiter & USA-mil\\\hline
delft@nho.hydro.com & Test software & Netherlands-comm\\\hline
derooty@basland.bio.ns.ca & Kevin Desroches & Canada-gov\\\hline
dfoster@neptune.whoi.edu & David Foster & USA-acad\\\hline
dirk\%boreas@relay.NL.net & Dirk Smit & Netherlands-acad?\\\hline
djisgitt@dal.mobil.com & D. J. Isgitt [Don] &\\\hline
donat@ibm1.lgih.ulg.ac.be & & Belgium-comm\\\hline
dld@Rimmer.ngdc.noaa.gov & David L Divins & USA-gov\\\hline
dmerewet@NMSU.Edu & Dan Merewether & USA-comm\\\hline
docherty@esc.cam.ac.uk & Paul Docherty & UK-acad\\\hline
downie@cogniseis.com & Alistair Downie & USA-comm\\\hline
dp\%aske@marin.geo.aau.dk & dennis pedersen & Denmark-acad\\\hline
dpschmit@drrs21.dal.mobil.com & & USA-comm\\\hline
dprbjv@er.Arco.COM & Bruce VerWest & USA-comm\\\hline
dprcxa@edp150.edp.arco.com & Craig Artley & USA-comm\\\hline
drange1@oslo.Geco-Prakla.slb.com & Geir Andre Motzfeldt Drange & Norway-comm\\\hline
dudley@shell.com & John Dudley & USA-comm\\\hline
dumas@onera.fr & DUMAS & France-?\\\hline
dwyang@earth.hanyang.ac.kr & Dong-Woo Yang & Korea-acad\\\hline
dysart@osg.saic.com & Paul Dysart & USA-comm\\\hline
e004598@pcp.ca & Li Guoping & Canada-acad\\\hline
eaton@cg.emr.ca &  Dave Eaton &  Canada-gov\\\hline
edb@rupture.ucsc.edu & Ed Boring & USA-acad\\\hline
ecr@aware.com & Ed C. Reiter & USA-comm\\\hline
edgardo@mizar.elet.polimi.it & Edgardo Carena & Italy-???\\\hline
edw@atcwest.com & & USA-comm\\\hline
egil\_t@ipt.unit.no & Egil Tj\}land & Norway-acad\\\hline
eik@os.is & Einar Kjartansson & Iceland-acad\\\hline
\end{tabular}
\newpage
\begin{tabular}{||l|l|l||} \hline
ekkehart.tessmer@dkrz-hamburg.dbp.de & E.Tessmer & Germany-acad\\\hline
epaul@ymir.ucdavis.edu & & USA-acad\\\hline
epcogsh@hulkster.unocal.com   & &   USA-comm \\\hline
eran@jupiter1.tau.ac.il &  Eran Suss & Israel-acad\\\hline
ernst@mibi03.meb.uni-bonn.de & ? & Germany-acad\\\hline
esteban@uxmal.cires.org.mx & Esteban Gutierrez & Mexico-org\\\hline
ezegonza@shaddam.usb.ve & Ezequiel Francisco Gonzalez San Miguel &\\\hline
f52594\%cst366@elf-p.fr & Bosquet F & France-comm\\\hline
fabrice@lima.cad.cea.fr & Fabrice Hollender & France-comm\\\hline
fema@kuo.hksm.columbia.edu & & USA-acad\\\hline
fernanda@dge1.on.br & Fernanda Vieira Araujo & Brazil-gov\\\hline
fernando@quetzal.iingen.unam.mx & Fernando Vargas Hernandez & Mexico-acad\\\hline
fgeoalex@ig2.cc.fc.ul.pt & & Portugal-acad\\\hline
field@passcal10.Stanford.EDU & Field User & USA-acad\\\hline
fphaeni@geopdcthrt.er.usgs.gov & Peter Haeni & USA-gov\\\hline
fox@vulcan.nrlssc.navy.mil & Dan Fox &  USA-military\\\hline
furuya@gssun2.jnoc.go.jp & SA-TRC Hidetoshi Furuya & Japan-gov\\\hline
g.johnston@ic.ac.uk &G. Johnston & UK-acad\\\hline
gajawada@mnd.com & Sampath Gajawada & USA-comm\\\hline
gazdag@houvmscc.vnet.ibm.com & Jeno Gazdag & USA-comm\\\hline
gbilling@cal084.bprc.ab.ca & gary billings & Canada-acad\\\hline
gen@geology.gla.ac.uk & Geophys Group & UK-acad\\\hline
geo03@physik.uni-kiel.d400.de & Wende Geophysik & Germany-comm\\\hline
geo31@physik.uni-kiel.d400.de & M. Budweg & Germany-acad\\\hline
geohw@c3800 & Holger Wirth & \\\hline
george@spock.gxt.neosoft.com & George Farmer & USA-comm\\\hline
georges@abancay.u-strasbg.fr & Georges HERQUEL & France-acad\\\hline
german@spri.levels.unisa.edu.au & German Pagnuko & Australia-acad\\\hline
gg-gts@mines.utah.edu & Gerard T Schuster  & USA-acad\\\hline
gga37@seq1.cc.keele.ac.uk & I.G. Stimpson & UK-acad\\\hline
ggokturk@mines.utah.edu & Gokhan Gokturkler & USA-comm\\\hline
ghofland@sierra.com & Gregg Hofland &  USA-comm\\\hline
gibert@titan.univ-rennes1.fr & & France-acad\\\hline
gimul@mantle.snu.ac.kr & Oh & Korea-acad\\\hline
giuditta@crs4.it & Giuditta Lecca &  Italy-acad?\\\hline
godfrey@acri.fr & Ian Godfrey & France-comm\\\hline
gondwana@basalt.mit.edu & Matthias Imhof &  USA-acad\\\hline
gourjon@rechser.total.fr & Olivier Gourjon & France-comm\\\hline
gp2a008@rrz.uni-hamburg.de & Martin Bellenberg & Germany-acad\\\hline
gpl@gpl4212.t.u-tokyo.ac.jp & gpl & Japan-acad\\\hline
gperez@dgf.uchile.cl & Gonzalo Perez & Chile-acad\\\hline
graham@es4.ers.bham.ac.uk & Dan Graham & UK-acad\\\hline
\end{tabular}
\newpage
\begin{tabular}{||l|l|l||} \hline
Guoping\_Li@pcp.ca & Guoping Li & Canada-comm\\\hline
gutteridge\_p@xukcl1.dnet.pb.com & Pamela Gutteridge & UK-comm\\\hline
guusii@dutmgf1.tudelft.nl & Lohlefink & Netherlands-acad\\\hline
gus@lamont.ldgo.columbia.edu & gustavo correa & USA-acad\\\hline
guy@dutmgf1.tudelft.nl &  Guy Drijkoningen & Netherlands-acad\\\hline
habegger@rzu.unizh.ch & Andreas Habegger & Switzerland-acad\\\hline
haber@fub46.zedat.fu-berlin.de & Christian Haberland & Germany-acad\\\hline
harry@igg.tno.nl & Harry Wedemeijer & Netherlands-acad\\\hline
hart@de01.denver.waii.com & Doug Hart & USA-comm\\\hline
hartmann@dkrz.d400.de & Jens Hartmann & Germany-acad\\\hline
haslingr@spencer.geophysik.uni-muenchen.de & Florian Haslinger & Germany-acad\\\hline
hayward@conceit.isem.smu.edu & Chris Hayward & USA-acad\\\hline
hebert@ipgp.jussieu.fr & Helene Hebert & France-acad\\\hline
heiner@esc.cam.ac.uk & & UK-acad\\\hline
henkart@srp.UCSD.EDU & Paul Henkart & USA-acad\\\hline
henrik@keel & &\\\hline
Henri-Pierre.Valero@univ-rennes1.fr & Henri-Pierre Valero & France-acad\\\hline
hill@tosca.curtin.edu.au & Murray Hill & Australia-acad\\\hline
hjuph@chevron.com & Justin P. Hedley & USA-comm\\\hline
hldeng@dal.mobil.com & H.L. Deng &  USA-comm\\\hline
holbrook@cs.umt.edu & & USA-acad\\\hline
holmgren@phobos.astro.uwo.ca & Dave Holmgren & Canada-acad\\\hline
hw@miraculix.kms.min.dk &  Helle Wagner & Denmark-acad\\\hline
holzrich@sciops-sun1.tamu.edu & Michael Holzrichter & USA-acad\\\hline
hooge@pangea.usask.ca & Corey Hooge & Canada-acad\\\hline
hu@ceri.memst.edu & Yiguang Hu & USA-acad\\\hline
hs@zoppo.ilp.physik.uni-essen.de & Harald Schueler & Germany-acad\\\hline
hxr@admin.keh.utulsa.edu & Huang &  USA-acad\\\hline
I.Turton@geography.leeds.ac.uk & Ian Turton & UK-acad\\\hline
igp02@geops0.geophysik.uni-kiel.d400.de & Stefan Wende & Germany-acad\\\hline
ichinose@moho.SDSU.Edu & Gene Ichinose & USA-acad\\\hline
imsgtcar@mathfs.math.montana.edu & Tim Carlson & USA-acad\\\hline
ipecher@geomar.de & Ingo Pecher & Germany-comm\\\hline
ipecher@sienna.whoi.edu & Ingo Pecher & USA-acad\\\hline
iseis@mickey.hq.ensco.com & ENSCO ISEIS ACCOUNT &\\\hline
jcs@diana.uwyo.edu & Jim Schatzman & USA-comm\\\hline
jeff@orca.wr.usgs.gov &  Jeff Brody & USA-gov\\\hline
ivan@ige.unicamp.br & Ivan Simoes Filho & Brazil-comm\\\hline
izum@joe.co.jp & uucp user & Japan-acad?\\\hline
jacksonm@lars.usbm.gov & Michael J. Jackson & USA-gov\\\hline
jad@dgi.com & Jad DeFanti & USA-comm\\\hline
jarrod@seismic.geology.unimelb.EDU.AU & Jarrod Craig Dunne & Australia-acad\\\hline
\end{tabular}
\newpage
\begin{tabular}{||l|l|l||} \hline
jelte@convex.nl & Jelte Feenstra & Netherlands-acad\\\hline
jewomack@alliant.backbone.uoknor.edu & James Womack & Australia-acad\\\hline
jhdaf01@cc4.kuleuven.ac.be  &  &  Belgium-acad\\\hline
jim@gl.rhbnc.ac.uk & Yezheng Hu & UK-acad\\\hline
jim@iris.edu & Jim Fowler & USA-acad\\\hline
jiml@bmr.gov.au  &    &  Australia-gov \\\hline
jitan@parcom.ernet.in & Jitan Sahni & India-acad\\\hline
jjoravet@dal.mobil.com & Joe J. Oravetz &  USA-comm\\\hline
joe@montebello.soest.hawaii.edu & Joe Dellinger & USA-acad\\\hline
Johan=Vos\%std\%Bwk@cc3.kuleuven.ac.be & Johan Vos & Belgium-acad\\\hline
johnsen@oslo.Geco-Prakla.slb.com & Thor Johnsen & USA-comm\\\hline
JORGC@delphi.com & ? & USA-comm\\\hline
Jorn.Magnussen@geomatic.no & Jorn Magnussen & Norway-comm\\\hline
jose@ig1.cc.fc.ul.pt & Jose Simoes & Portugal-acad\\\hline
jsr@coltrane.ucsc.edu & Justin Revenaugh & USA-acad\\\hline
juan@kong.geol.lsu.edu & Juan Lorenzo &  USA-acad\\\hline
junger@mtn.er.usgs.gov & John Unger &  USA-gov\\\hline
jwade@amoco.com &  Joe M. Wade &  USA-comm\\\hline
jwdb@dutnak2.tn.tudelft.nl & Jan-Willem de Bruijn & Netherlands-acad\\\hline
jwu@NMSU.Edu & & USA-acad\\\hline
jwycisla@teton.Mines.EDU & Sally Wycislak & USA-acad\\\hline
jyluo@boris.lahabra.chevron.com & Yi Luo & USA-comm\\\hline
k\_wjr@unixa.nerc-keyworth.ac.uk & John Rowley & UK-acad\\\hline
kaelin!root@relay.eunet.ch & & Switzerland-acad\\\hline
kara@utdallas.edu & Hayrullah Karabijlut &  USA-acad\\\hline
holbrook@cs.umt.edu & & USA-acad\\\hline
holmgren@phobos.astro.uwo.ca & Dave Holmgren & Canada-acad\\\hline
kay@flail.geo.ucalgary.ca & Ian Kay & Canada-acad\\\hline
kees@dutnak2.tn.tudelft.nl & Kees Wapenaar & Netherlands-acad\\\hline
ken@photon.cuc.ab.ca & Ken Stauffer & Canada-acad\\\hline
khurram@utig.ig.utexas.edu & Khurram Qureshi & USA-acad\\\hline
kiyo@gsjobs.aist.go.jp & Kiyoyuki KISIMOTO & Japan-acad\\\hline
kko@babel.oulu.fi & Kari Komminaho &  Finland-acad\\\hline
klm@othello.macom.com &Kyle L. Martin & USA-comm\\\hline
koerbe@baghira.ifg.tu-clausthal.de & Matthias Koerbe & Germany-acad\\\hline
koures@shell.com & V. G. Koures &  USA-comm\\\hline
kuramoto@gsjrstn.gsj.go.jp & KURAMOTO Shin'ichi & Japan-gov\\\hline
kusahara@arsia.geo.tsukuba.ac.jp & Reiko Kusahara & Japan-acad\\\hline
lamarche@villefr.orstom.fr & Geoffroy Lamarche & France-acad\\\hline
lar@Think.COM & Larry Morley & USA-comm\\\hline
larsen@climate.geo.uwm.edu & Herbert E. Larsen & USA-acad\\\hline
lpasasa@gpiwap5.physik.uni-karlsruhe.de & Linus Pasasa & Germany-acad\\\hline
\end{tabular}
\newpage
\begin{tabular}{||l|l|l||} \hline
lefranco@ggl.ulaval.ca & Claude LeFrancois & Canada-acad\\\hline
leguijt@metropolis.nl & Jaap Leguijt & Netherlands-acad\\\hline
leparoux@serv.inrets.fr  & Donatienne Leparoux & France-comm\\\hline
leroy@lgs.jussieu.fr & Sylvie Leroy & France-acad\\\hline
lesh@prl0.co.uk & Les Hatton & UK-comm\\\hline
leuschen@rsl.ukans.edu & Carlton Leusche & USA-acad\\\hline
li@mnd.com &  Li Tang  &   USA-comm\\\hline
lim@hydra.convex.com & Kwang Lim & USA-comm\\\hline
liuhong@utdallas.edu & Liu Hong & USA-acad\\\hline
llines@sparky.esd.mun.ca & Larry Lines & Canada-acad\\\hline
lml@kanaha.Idbsu.EDU & Lee M. Liberty &  USA-acad\\\hline
lord@geology.wisc.edu & Neal Lord & USA-acad\\\hline
Lorraine.W.Wolf@geology.auburn.edu & Lorraine W. Wolf & USA-acad\\\hline
lpasasa@gpiwap5.physik.uni-karlsruhe.de & Linus Pasasa & Germany-acad\\\hline
lutkemer@ghas32.hannover.sgp.slb.com & Ralf Luetkemeier & Germany-comm\\\hline
m.lamont@woodside.otc.au & MATTHEW LAMONT & Australia-comm\\\hline
mai@sth.ruhr-uni-bochum.de & Dirk Maiwald & Germany-acad\\\hline
mam@chevron.com & M.A. Meadows & USA-comm\\\hline
mann@houston.Geco-Prakla.slb.com & Angus D Mann & USA-comm\\\hline
Marcelo.Solano@oryx.com & marcelo solano & USA-comm\\\hline
marcs@cts.u-strasbg.fr & Marc Schaming &  France-acad\\\hline
marenco@ee.gatech.edu & Alvaro Marenco & USA-acad\\\hline
marifa@nsifc.ifc.pi.cnr.it & Mariani\_Fabio & Italy-acad?\\\hline
mark@geosig.com & Mark Czigan & USA-comm\\\hline
markw@utig.ig.utexas.edu & Mark Wiederspahn & USA-acad\\\hline
martijn@dutmgf1.tudelft.nl & Martijn v.d.Runstraat & Netherlands-acad\\\hline
martin@warthog.ner.com & Martin Smith &  USA-comm\\\hline
maryt@bounce.fullerton.edu & Mary Templeton & USA-acad\\\hline
mathiask@CS.ColoState.EDU & keith mathias & USA-acad\\\hline
matthew@cssip.edu.au & Matthew Rutty & Australia-acad\\\hline
mayumi@eri.u-tokyo.ac.jp & Mayumi & Japan-acad\\\hline
mbgeof@hydr.bwk.kuleuven.ac.be  & & Netherlands-acad\\\hline
mcgerste@mtu.edu & Matthew Gerstenberger & USA-acad\\\hline
mcm@zippy.saic.com & Mike Monteith & USA-comm\\\hline
md80@nelumbo.u-strasbg.fr & & France-acad\\\hline
mdietric@lgit.observ-gr.fr & Michel Dietrich & France-acad\\\hline
metal@min01.snu.ac.kr & Heo Seung & Korea-acad\\\hline
mhpowers@musette.cr.usgs.gov & Mike Powers & USA-gov\\\hline
michael@sfb313.uni-kiel.d400.de & Michael Bobsien & Germany\\\hline
michael.k-h.nguyen@airgun.wg.waii.com & Mike Nguyen & USA-comm\\\hline
michele@geosund & Michele Pipan & ?\\\hline
mickie@shasta.csuchico.edu & Michelle Miller & USA-acad\\\hline
\end{tabular}
\newpage
\begin{tabular}{||l|l|l||} \hline
mihai@sep.Stanford.EDU & Alexander Mihai Popovici & USA-acad\\\hline
mike@frey.tamu.edu & Mike Duncan & USA-acad\\\hline
mike@rayleigh.AFTAC.GOV & Mike Black & USA-gov\\\hline
mioara@chambon.ipgp.jussieu.fr & Mioara ALEXANDRESCU & France-org\\\hline
mlinhart@rsl.ukans.edu & Mike Linhart & USA-acad\\\hline
montana@geo.utep.edu & Carlos Montana & USA-acad\\\hline
moore@mano.soest.hawaii.edu & Greg Moore & USA-acad\\\hline
morgan@Montrouge.slcs.slb.com & Andrew Morgan & France-comm\\\hline
morton@rhea.cray.com & Scott Morton & USA-comm\\\hline
mpenochs@dal.mobil.com & M.P. Enochson (Mark) & USA-comm\\\hline
mschulz@sage.cgd.ucar.EDU & Michael Schulz & USA-comm\\\hline
mspeece@markov.mtech.edu & Marv Speece & USA-acad\\\hline
mwdobin@dal.mobil.com & Mark W. Dobin & USA-comm\\\hline
mwh8744@terminator & Michael W Holzrichter & USA-acad\\\hline
nakagami@gpsun3.jnoc.go.jp & GP Nakagami & Japan-gov\\\hline
nau95528@ccsun.strath.ac.uk & Steven Lang & UK-acad\\\hline
neilhs@mail.glg.edinburgh.ac.uk & Neil Hamilton-Smith & UK-acad\\\hline
nerces@sismo4.ipgp.jussieu.fr & Alex NERCESSIAN & France-acad\\\hline
neves@esc.cam.ac.uk & Fernando Neves & UK-acad\\\hline
nicke@orpington.sgp.slb.com & Nick Ellis &  UK-comm\\\hline
nichols@agc.bio.ns.ca & Brian Nichols & Canada-acad\\\hline
noble@cassiopee.ensmp.fr & Mark Noble & France-comm\\\hline
noibmlp@kgn.ibm.com & & USA-comm\\\hline
nolte@erl.mit.edu & Bertram Nolte & USA-acad\\\hline
notfors@balder.digicon-egr.co.uk & Carl Notfors & UK-comm\\\hline
nparry@eba.ca & Neil Parry & Canada-comm\\\hline
nwattrus@bubba.d.umn.edu & Nigel W & USA-acad\\\hline
nyq@pluto.esd.ornl.gov &  Jon Nyquist & USA-gov\\\hline
oda@abiko.denken.or.jp & Yoshiya Oda & Japan-org\\\hline
olaf@digirule.com & Olaf Schroeder & USA-comm\\\hline
oportnia@mines.utah.edu & Oleg N. Portniaguine & USA-acad\\\hline
ouzcateg@geofis.com & Omar Uzcategui & Venezuela-comm\\\hline
oss061@clss1.bangor.ac.uk & R.Haynes & UK-acad\\\hline
ow29@spd.eee.strathclyde.ac.uk & & UK-acad\\\hline
owenb@ssilon.co.uk & Owen Brazell & UK-comm?\\\hline
Oyvind.Hjelle@si.sintef.no & Hjelle Oyvind & Norway-acad?\\\hline
paagr@afrodite.virtek.no & Paal Grana & Norway-comm?\\\hline
paolo@reds.ogs.trieste.it & & Italy-acad\\\hline
paubert@gaston.unice.fr & AUBERT Pierre & France-acad\\\hline
paul@ymir.ucdavis.edu & Paul Waterstraat & USA-acad\\\hline
parker@cpsc.ucalgary.ca & Jim Parker & Canada-acad\\\hline
pavlis@seismo.geology.indiana.edu & Gary Pavlis & USA-acad\\\hline
\end{tabular}
\newpage
\begin{tabular}{||l|l|l||} \hline
peletier@noumea.orstom.fr  &  Bernard Pelletier &   France-acad? \\\hline
perrin@u84.brgm.fr  &  J.Perrin  &   France-comm \\\hline
peter@geology.wisc.edu & Peter Burkholder & USA-acad\\\hline
peter@gergu4.tamu.edu & Peter Hunt & USA-acad\\\hline
peterdv@oedan.dk & Peter Dahl Vestergaard & Denmark-acad?\\\hline
pgutowski@amoco.com & Paul R. Gutowski & USA-comm\\\hline
piotr@kar1.igf.edu.pl & Piotr Sroda & Poland-acad\\\hline
pipan@univ.trieste.it & Michele Pipan & Italy-acad\\\hline
pirmez@lamont.ldgo.columbia.edu & carlos pirmez & USA-acad\\\hline
pj@iris.tg.lth.se & Peter Jonsson & Sweden-acad\\\hline
pjaques@csm.ex.ac.uk & Paul Jaques & UK-acad\\\hline
pjarvis@deep20.jamstec.go.jp & philip jarvis & Japan-gov\\\hline
plenson@hi\_presure\_lab.gp.uwo.ca & Peter Lenson & Canada-acad\\\hline
pm@rowena.idbsu.edu & Paul Michaels &  USA-acad\\\hline
Postmaster@geomar.de & 0000-Admin & USA-comm\\\hline
pregarz@gems755.ogs.trieste.it & Alessandro Pregarz & Italy-acad\\\hline
ps@GEOPET2 & Parasound & Germany-comm\\\hline
ps1and2@geopsun.tamu.edu & Terry Spencer's class & USA-acad\\\hline
ptraynin@mines.utah.edu & Peter Traynin & USA-acad\\\hline
pvr@lctsrv.lct.com & Paul Raab & USA-comm\\\hline
pfw@sagres.com.au & Paul Walshe & Australia-acad\\\hline
qfuhao@mines.utah.edu & Qin Fuhao &  USA-acad\\\hline
raja@utdallas.edu & Sara Rajasekaran & USA-acad\\\hline
raoldfi@granite.Mines.EDU & Ron A. Oldfield & USA-acad\\\hline
rawinney@dal.mobil.com & & USA-comm\\\hline
rcs@seismic.cdac.ernet.in & Ramesh Chandrashekar & India-comm\\\hline
Reg.Beardsley@oryx.com & Reg H. Beardsley & USA-comm\\\hline
renaud@geolserv.geol.QueensU.CA & Rob Renaud & Canada-acad\\\hline
reynam@pppg.ufba.br & Reynam Pestana & Brazil-acad\\\hline
rikke@mars.gfy.ku.dk & Rikke Vinther & Denmark-acad\\\hline
rk@is.s.u-tokyo.ac.jp & & Japan-acad\\\hline
rkirchho@euphrates.Mines.EDU & R. Kirchhoff & USA-acad\\\hline
roach@geo.geol.utas.edu.au & Michael Roach & Australia-acad\\\hline
rober@hpspnwrc.spain.hp.com & Roberto Cobo & USA-comm\\\hline
rodney@mail.glg.edinburgh.ac.uk & Rodney Johnston & UK-acad\\\hline
roecks@rpi.edu & Steven W. Roecker & USA-acad\\\hline
ronen@epsu0u.eps.slb.com & Shuki Ronen &  France-comm\\\hline
root@cts.u-strasbg.fr & & France-acad\\\hline
root@eg441a.berkeley.edu & & USA-acad\\\hline
root@gardner1rsm.nrl.navy.mil && USA-mil\\\hline
root@gtri13.harc.edu & & USA-acad\\\hline
root@iprrs1.univ-pau.fr & & France-acad\\\hline
\end{tabular}
\newpage
\begin{tabular}{||l|l|l||} \hline
root@lgit.observ-gr.fr & & France-acad\\\hline
root@rspro.ogs.trieste.it & & Italy-acad \\\hline
root@seismo.gcn.uoknor.edu & & USA-acad\\\hline
root@teton.Mines.EDU & & USA-acad\\\hline
root@tosca.curtin.edu.au & & USA-acad\\\hline
root@UNIX.localnet.com & & USA-comm\\\hline
rousseau@ymp.cc.fsu.edu & Joseph Rousseau & USA-acad\\\hline
rousset@iprrs3.univ-pau.fr & Dominique Rousset & France-acad\\\hline
roy@chevron.com & Roy C. Pusey & USA-comm\\\hline
rjv@sisyphus.idbsu.edu & Rob Vincent & USA-acad\\\hline
rum@unxsrv.iku.sintef.no & Rune Mittet & Norway-comm\\\hline
ruo@pangea.usask.ca & Leslie Ruo & Canada-comm\\\hline
s@es.su.oz.au & software owner & Australia-acad\\\hline
s50gtri@gtri14.gtri.harc.edu & GTRI Software Owner & USA-acad\\\hline
sabadell@prometeo.cps.unizar.es & Francisco Javier Sabadell Melado & Spain-acad\\\hline
saeki@gpimg1.jnoc.go.jp & Saeki & Japan-gov\\\hline
sak@essc.psu.edu & Sridhar Anandakrishnan & USA-acad\\\hline
satish@seismo.unr.edu & Satish K. Pullammanappallil & USA-acad\\\hline
sayers@scrsu1.SINet.SLB.COM & Colin Michael Sayers & UK-acad\\\hline
scartmel@merlin.OG.dti.gov.uk & Cartmell & UK-gov\\\hline
scheinin@crs4.it & Alan Scheinine &  Italy-acad?\\\hline
schack@schack.indiv.nluug.nl & Dale A. Schack & Netherlands-acad\\\hline
schuck@w413zrz.bg.tu-berlin.de & Andreas Schuck & Germany-acad\\\hline
scott@stimpy.er.usgs.gov & Scott Pendygraft & USA-gov\\\hline
secrest@fou.tr.statoil.no    &   Bruce Secrest  & Norway-comm\\\hline
seirock@eq.ccu.edu.tw & Dr. Ruey-Chyuan Shih & Taiwan-acad\\\hline
seismic@gaix360.geo.uni-leipzig.de & SU-SEISMIC & Germany-acad\\\hline
seismics@nais03  & Seismics Account & ?\\\hline
seispro@geopsun.tamu.edu & Dr. Spencer's seismic project & USA-acad\\\hline
seisuser@kafka.esri.scarolina.edu & Sierra Seis User & USA-acad\\\hline
seiswei@eq.ccu.edu.tw & Dr. How-Wei Chen  & Taiwan-acad  \\\hline
seongkon@Gop601.snu.ac.kr & Lee & Korea-acad\\\hline
serge@uss.cray.com & Serge Kremer & USA-comm\\\hline
serr15@liverpool.ac.uk & Sam Toon & UK-acad\\\hline
sglaser@rex.Mines.Colorado.EDU & Steven Glaser & USA-acad\\\hline
shadowfax@vnet.IBM.COM & Rick Turner &  USA-comm\\\hline
shannon@signal.dra.hmg.gb & Simon Shannon & UK-comm\\\hline
sharrock@mail.glg.edinburgh.ac.uk & David Sharrock & UK-acad\\\hline
shintaro@abiko.denken.or.jp & SHINTARO & Japan-org\\\hline
Shoichi.Tsujimoto@Japan.Sun.COM & Shoichi Tsujimoto & Japan-comm\\\hline
shuki@gatwick.sgp.slb.com & Shuki Ronen & UK-comm\\\hline
siki@statoil.no & S.Kibsgaard & Norway-comm\\\hline
\end{tabular}
\newpage
\begin{tabular}{||l|l|l||} \hline
simini@axpgeo.csied.unisa.it & Mariella Simini & Itay-acad\\\hline
simmons@utig.ig.utexas.edu & Jim Simmons & USA-acad\\\hline
sjlaster@drds15.drl.mobil.com & Stan Laster & USA-comm\\\hline
spencer@blue.scr.slb.com & Carl Spencer & USA-comm\\\hline
sr@GPL4326\_PPC.t.u-tokyo.ac.jp & sr & Japan-acad\\\hline
stboerne@dal.mobil.com & Sean T. Boerner & USA-comm\\\hline
stctswc@st.unocal.com & Steve Clark & USA-comm\\\hline
stein@Think.COM &  Dr. Jaime Stein-Schabes & USA-comm\\\hline 
steve@moab.Stanford.EDU & Steve Michnick & USA-acad\\\hline
stevens@sirius.scubed.com  & Jeff Stevens & USA-comm\\\hline
stevensd@sgo.stevens.com & J.D. Stevens & USA-comm\\\hline
stew@sep.Stanford.EDU & Stew Levin & USA-acad\\\hline
stgpzli@st.unocal.com &  Zhiming Li & USA-comm\\\hline
stof@packhorse.advance.com    &   Christof Stork & USA-comm\\\hline
stoll@milne.geology.yale.edu & Dan Stoll & USA-acad\\\hline
stssksz@st.unocal.com & Ke Shan Zou & USA-comm\\\hline
stssoky@sugarland.unocal.com & Oong Koo Youn & USA-comm\\\hline
stsun@intevep.pdv.com & Ricardo Plata & Venezuela-comm\\\hline
sunmbx!grasbln.gras.de!rsy & Reinhard Sy & Germany-acad\\\hline
sverre.planke@geology.uio.no & Sverre Planke & Norway-acad\\\hline
swatson@ultrix5.cs.csubak.edu & Sean Watson & USA-acad\\\hline
sws@sneezy.sri.com & Scott Shaw & USA-comm\\\hline
sylvie@mar5.ipgp.jussieu.fr & & France-comm\\\hline
symes@rice.edu  &   W. Symes & USA-acad\\\hline
sysuh@sdp.kigam.re.kr & Sang-yong Suh & Korea-acad?\\\hline
tana@gsjkaiyo.gsj.go.jp &  TANAHASHI Manabu & Japan-gov\\\hline
tclarke@geology.wisc.edu & Ted Clarke & USA-acad\\\hline
tdamle@bigd.cray.com & Tom Damle & USA-comm\\\hline
tecroot@geo.vu.nl & Sys beheer Tektoniek & Netherlands-comm?\\\hline
teruki@gsjart.gsj.go.jp & MIYAZAKI Teruki & Japan.gov\\\hline
terence@artemis.earth.monash.edu.au  & Terence Barr & Austraia-acad\\\hline
terry@arcane.calgary.ab.ca &  Terry Wilcox & Canada-acad?\\\hline
tfei@gofur.lanl.gov & Tong Fei & USA-gov\\\hline
tfo@nobska.er.usgs.gov & Tom O`Brien & USA-gov\\\hline
thallam@geol.uwa.edu.au & Tom Hallam & USA-acad\\\hline
thearn@NMSU.Edu   & Tom Hearn & USA-acad\\\hline
thill@ipsun1.ifp.fr & Benoit Thillaye Du B. & France-comm\\\hline
thorbjor@smaug.uio.no & & \\\hline
thorbjorn.rekdal@geofysikk.uio.no & Thorbjorn &  Norway-acad\\\hline
timo.tjan@airgun.wg.waii.com & timo tjan & USA-comm\\\hline
tmorgan@nyser.nic.kingston.ibm.com & Tom Morgan & USA-comm\\\hline
tobrien@nobska.er.usgs.gov & Tom O'Brien & USA-gov\\\hline
\end{tabular}
\newpage
\begin{tabular}{||l|l|l||} \hline
tom\%crete@platte.com &  Tom Schutter & USA-comm\\\hline
tony@amonduul.ecn.uoknor.edu & & USA-acad\\\hline
tony@sparky.esd.mun.ca &  Tony Kocurko & Canada-acad\\\hline
toralf@ws2geo.io-warnemuende.de & Toralf Foerster & Germany-acad\\\hline
touati@jupiter.ensmp.fr & Mustafa Touati & France-comm\\\hline
tpratt@ravenna.ocean.washington.edu & Tom Pratt & USA-gov\\\hline
tt56579@hongo.ecc.u-tokyo.ac.jp & Hideo.K & Japan-acad\\\hline
tunada@kenki-iris.wf.trdc.tksg.mhi.co.jp  & Tomohiro Tsunada & Japan-comm\\\hline
ulisses@watson.ibm.com & Ulisses T. Mello & USA-comm\\\hline
unocal@PORSCHE.scg.fujitsu.com & & USA-comm\\\hline
ursi@es.su.oz.au & & Australia-acad\\\hline
u252004@rody.dkrz.de & Jens Hartmann & Germany-acad\\\hline
u250010@gp6.dkrz.de & Dirk Gajewski & Germany-acad\\\hline
vandecar@clrs1.ciw.edu  & John Vandecar & USA-acad\\\hline
Vedula.Subbarao@geology.auburn.edu & Vedula Subbarao & USA-acad\\\hline
versteeg@fermat.geol.uconn.edu & Roelof Versteeg & USA-acad\\\hline
versteeg@lamont.ldgo.columbia.edu & Roelof Versteeg & USA-acad\\\hline
vhenson@peabody.math.nps.navy.mil & Van Henson & USA-mil\\\hline
vilhelm@asterix.ruk.cuni.cz & Jan Vilhelm & Czech Republic-acad\\\hline
vill@zfn.uni-bremen.de &  H. Villinger & Germany-acad\\\hline
vinh@geophy.curtin.edu.au & Vinh & USA-acad\\\hline
viri@faille.unice.fr & Jean Virieux & France-acad\\\hline
volker@vitamalz.heim2.tu-clausthal.de & Volker Becker & Germany-acad\\\hline
watanabe@tansa1.kumst.kyoto-u.ac.jp & Watanabe Toshiki & Japan-acad\\\hline
was@spd.eee.strath.ac.uk & Bill SANDHAM & UK-acad\\\hline
wash@eg441a.berkeley.edu & John Washbourne & USA-acad\\\hline
wave@student.tdb.uu.se & Seismic Wave Project & Sweden-acad\\\hline
waveren@cs.rug.nl & & Netherlands-acad\\\hline
welchb@tryfan.Colorado.EDU & Welch Brian & USA-acad\\\hline
wcai@mines.utah.edu & Wenying Cai &  USA-acad\\\hline
wgc@einstein.london.waii.com & & UK-comm\\\hline
whitmand@fiu.edu & Dean Whitman & USA-acad\\\hline
wind@moon20.oc.ntu.edu.tw & Cheng-Shing Chiang & Taiwan-acad\\\hline
witablo@dutita1.twi.tudelft.nl & Bastian Blonk & Netherlands-acad\\\hline
witasev@dutinfh.tudelft.nl & Geert Jan Agur Sevink & Netherlands-acad\\\hline
wklau@cs.cuhk.hk & Lau Wai-Keung Joe & HongKong-acad?\\\hline
wsbanks@wrdmail.er.usgs.gov & William S. Banks & USA-gov\\\hline
xli@geoph.ubc.ca & Xingong Li & Canada-acad\\\hline
x0s6785@geopsun.tamu.edu & Xinyi Sun & USA-acad\\\hline
yamamizu@geo.bosai.go.jp & Fumio Yamamizu & Japan-gov\\\hline
yangb@ncpgg.adeliade.edu.au & Yang Baolin & Australia-acad\\\hline
yjs@brazos.cray.com & Janet Shiu & USA-comm\\\hline
yu@fractal.colorado.edu & Ting-To Yu & USA-comm\\\hline
\end{tabular}
\newpage
\begin{tabular}{||l|l|l||} \hline
yszxg@info.dau.tsinghua.edu.cn & Zhang XueGong & China-acad\\\hline
yzarn@chevron.com & Philip Yzarn de Louraille & USA-comm\\\hline
zec@nuchat.sccsi.com & Gary Klack & USA-comm\\\hline
zli@min01.snu.ac.kr & Zli & Korea-acad\\\hline
zycor@ns.rgd.nl & zycor user & Netherlands-comm\\\hline
\end{tabular}
\end{document}
% Try to keep 41 on page 1 and 42 on remaining pages
